流水號,預測分數,參考違約率
3,363.03259741938666,7.82%
4,381.4414343505055,5.98%
5,347.1261518700956,14.12%
7,391.498365330351,5.33%
8,389.3389070013443,5.48%
9,375.9378104518334,6.3%
9,375.9378104518334,6.3%
10,374.7596657154368,6.36%
11,374.79056703463806,6.36%
12,318.2272328994326,30.0%
12,318.2272328994326,30.0%
13,354.9719631132304,10.47%
14,379.93420271891375,6.05%
14,379.93420271891375,6.05%
15,364.0457602363967,7.7%
16,373.74593668294057,6.48%
18,394.59337295404856,4.96%
19,353.1559749224181,11.38%
21,374.5181721013994,6.36%
23,408.02191791681605,4.23%
24,392.3066651029493,5.24%
25,381.91883171669235,5.92%
25,381.91883171669235,5.92%
26,373.9580659179439,6.48%
27,391.7763396907258,5.24%
27,391.7763396907258,5.24%
28,371.8628139848196,6.73%
29,404.9814242406114,4.04%
30,372.10676178257387,6.73%
31,402.77522124932096,4.22%
32,405.2562454131286,4.04%
33,394.27040071091415,5.05%
34,383.5180324003073,5.8%
35,371.687947591472,6.73%
35,371.687947591472,6.73%
36,375.9048905159796,6.3%
37,376.0795936383501,6.3%
38,380.1449250617779,6.05%
38,380.1449250617779,6.05%
39,390.4434133278633,5.42%
39,390.4434133278633,5.42%
40,398.402913493248,4.68%
41,378.0140937150467,6.17%
42,384.55158822482167,5.73%
42,384.55158822482167,5.73%
43,383.76180132957705,5.8%
44,392.5111840108643,5.14%
45,403.7261829541937,4.13%
45,403.7261829541937,4.13%
46,371.9626703902777,6.73%
47,393.2576819537732,5.14%
48,382.3749045350035,5.92%
49,374.9377833012997,6.36%
49,374.9377833012997,6.36%
50,333.4431355294268,19.69%
50,333.4431355294268,19.69%
51,394.8822053344501,4.96%
52,370.60319564971905,6.85%
53,405.64228115274443,4.1%
54,378.33777202605,6.17%
55,390.89769911426157,5.33%
56,392.6208735595642,5.14%
56,392.6208735595642,5.14%
57,376.6725326185597,6.23%
58,383.6739269344757,5.8%
58,383.6739269344757,5.8%
59,371.15037993058723,6.85%
60,418.91106129045477,4.94%
61,392.51066631243646,5.14%
62,386.12571227419875,5.67%
63,393.9265737706434,5.05%
64,370.4771226762176,6.97%
65,391.0648610146533,5.33%
66,377.5593800808785,6.17%
67,395.17524820821325,4.96%
68,382.82823427238935,5.86%
68,382.82823427238935,5.86%
69,389.12607474586457,5.48%
69,389.12607474586457,5.48%
70,394.2993838940072,5.05%
70,394.2993838940072,5.05%
71,371.693408269009,6.73%
71,371.693408269009,6.73%
72,375.7950855141973,6.3%
73,379.7380981218561,6.05%
73,379.7380981218561,6.05%
74,392.7819383259791,5.14%
74,392.7819383259791,5.14%
75,377.3774806613786,6.23%
75,377.3774806613786,6.23%
76,379.08533801640465,6.11%
76,379.08533801640465,6.11%
77,378.38319506232443,6.17%
78,375.62276643575365,6.3%
79,374.80633427329684,6.36%
79,374.80633427329684,6.36%
80,384.1734932448422,5.8%
80,384.1734932448422,5.8%
81,375.04725856447396,6.36%
81,375.04725856447396,6.36%
82,389.356102630688,5.48%
82,389.356102630688,5.48%
83,395.6112173172128,4.87%
83,395.6112173172128,4.87%
84,376.4575967935509,6.3%
84,376.4575967935509,6.3%
85,346.01714795763945,14.57%
85,346.01714795763945,14.57%
86,393.013379089673,5.14%
86,393.013379089673,5.14%
87,379.97505781410547,6.05%
87,379.97505781410547,6.05%
88,380.2863808209898,6.05%
89,380.5782982636166,5.98%
89,380.5782982636166,5.98%
90,390.7861384132609,5.33%
90,390.7861384132609,5.33%
91,384.64040934859094,5.73%
92,370.7115954694804,6.85%
92,370.7115954694804,6.85%
93,382.87046205583925,5.86%
93,382.87046205583925,5.86%
94,389.38137631223617,5.48%
95,396.6697147990295,4.78%
95,396.6697147990295,4.78%
96,372.82854056468636,6.6%
96,372.82854056468636,6.6%
97,378.6862374385482,6.11%
97,378.6862374385482,6.11%
98,376.6964908558278,6.23%
98,376.6964908558278,6.23%
99,378.215043787369,6.17%
99,378.215043787369,6.17%
100,387.0885458803937,5.61%
101,391.5323228510456,5.24%
102,373.90214347385347,6.48%
102,373.90214347385347,6.48%
103,394.461706501686,5.05%
104,401.1356349304387,4.41%
104,401.1356349304387,4.41%
105,389.42185541487424,5.48%
105,389.42185541487424,5.48%
106,385.1110043765793,5.73%
106,385.1110043765793,5.73%
107,387.935571755994,5.55%
107,387.935571755994,5.55%
108,390.40446543137057,5.42%
108,390.40446543137057,5.42%
109,379.54442241552914,6.05%
109,379.54442241552914,6.05%
110,381.57307620884063,5.92%
111,340.04244059652564,16.97%
111,340.04244059652564,16.97%
112,403.20301077048157,4.22%
113,408.0548087496017,4.23%
114,361.7396822168902,7.95%
114,361.7396822168902,7.95%
115,378.96364355429404,6.11%
115,378.96364355429404,6.11%
118,369.1348585112835,7.09%
119,379.98930111004523,6.05%
119,379.98930111004523,6.05%
120,394.75036307132416,4.96%
121,407.0360603904076,4.17%
122,392.6735433978431,5.14%
122,392.6735433978431,5.14%
123,375.24806646656197,6.36%
123,375.24806646656197,6.36%
124,381.62937845076914,5.92%
124,381.62937845076914,5.92%
125,408.496287469021,4.23%
126,372.8618329694131,6.6%
126,372.8618329694131,6.6%
127,351.33653041446513,12.29%
128,373.92662857763037,6.48%
128,373.92662857763037,6.48%
129,410.17406912877806,4.36%
130,383.3429376766574,5.86%
131,358.7063592409922,8.65%
131,358.7063592409922,8.65%
132,362.4258653121409,7.95%
132,362.4258653121409,7.95%
133,339.5000036422215,16.97%
133,339.5000036422215,16.97%
134,396.56102430496844,4.78%
134,396.56102430496844,4.78%
135,388.00831390148517,5.55%
135,388.00831390148517,5.55%
136,341.8155893223946,16.2%
136,341.8155893223946,16.2%
137,351.1317972508729,12.29%
137,351.1317972508729,12.29%
138,364.4786497585361,7.7%
139,345.73700340127823,14.57%
139,345.73700340127823,14.57%
140,369.6601848850269,6.97%
140,369.6601848850269,6.97%
141,364.421552193484,7.7%
142,349.4292957466286,13.21%
143,353.3245041318859,11.38%
143,353.3245041318859,11.38%
144,359.5068926008584,8.19%
144,359.5068926008584,8.19%
145,403.3013901881544,4.22%
146,357.10282021659856,9.56%
147,380.68224310836155,5.98%
147,380.68224310836155,5.98%
148,365.57613727962365,7.46%
149,382.3709756631594,5.92%
149,382.3709756631594,5.92%
150,393.66669551019794,5.05%
151,394.93606701256795,4.96%
152,381.1036222489424,5.98%
152,381.1036222489424,5.98%
153,387.077332564428,5.61%
153,387.077332564428,5.61%
154,375.5370657570872,6.3%
154,375.5370657570872,6.3%
155,387.19910613760834,5.61%
155,387.19910613760834,5.61%
156,367.9412335708262,7.21%
156,367.9412335708262,7.21%
157,340.2436365874491,16.97%
158,370.09114013442456,6.97%
158,370.09114013442456,6.97%
159,373.66697396832984,6.48%
160,386.95390739023907,5.61%
160,386.95390739023907,5.61%
161,372.2880507131199,6.73%
161,372.2880507131199,6.73%
162,346.2008485622825,14.57%
162,346.2008485622825,14.57%
163,385.9469166956298,5.67%
163,385.9469166956298,5.67%
164,377.73560136106033,6.17%
164,377.73560136106033,6.17%
165,366.5112479884325,7.34%
165,366.5112479884325,7.34%
166,390.21607441142,5.42%
167,388.9087322959664,5.48%
167,388.9087322959664,5.48%
168,368.28024666255106,7.21%
169,379.07245942210716,6.11%
169,379.07245942210716,6.11%
170,386.98012285019337,5.61%
170,386.98012285019337,5.61%
171,379.5427523658239,6.05%
171,379.5427523658239,6.05%
172,374.23301988507956,6.48%
173,399.20346821896004,4.59%
173,399.20346821896004,4.59%
174,388.5053385650439,5.48%
174,388.5053385650439,5.48%
175,385.9368495722285,5.67%
175,385.9368495722285,5.67%
176,374.279148252577,6.48%
176,374.279148252577,6.48%
177,385.5823600933759,5.67%
177,385.5823600933759,5.67%
178,388.3366538589035,5.55%
178,388.3366538589035,5.55%
179,371.7926534376088,6.73%
179,371.7926534376088,6.73%
180,398.6132112429651,4.59%
180,398.6132112429651,4.59%
181,375.5370657570872,6.3%
181,375.5370657570872,6.3%
182,385.2057196325564,5.73%
183,375.6132634539584,6.3%
183,375.6132634539584,6.3%
184,382.12611357474236,5.92%
184,382.12611357474236,5.92%
185,404.79840810896087,4.04%
186,376.9534471200832,6.23%
186,376.9534471200832,6.23%
187,368.3280769284593,7.21%
188,375.5370657570872,6.3%
188,375.5370657570872,6.3%
189,384.80240882184313,5.73%
189,384.80240882184313,5.73%
190,387.4291888018648,5.61%
190,387.4291888018648,5.61%
191,386.95390739023907,5.61%
191,386.95390739023907,5.61%
192,376.3969282726507,6.3%
192,376.3969282726507,6.3%
193,381.64810416155734,5.92%
193,381.64810416155734,5.92%
194,375.5370657570872,6.3%
194,375.5370657570872,6.3%
195,393.3011152530323,5.14%
195,393.3011152530323,5.14%
196,402.1075381479755,4.32%
196,402.1075381479755,4.32%
197,381.9555709662787,5.92%
198,405.7414285430082,4.1%
198,405.7414285430082,4.1%
199,391.22046138410366,5.33%
199,391.22046138410366,5.33%
200,405.1370605302706,4.04%
200,405.1370605302706,4.04%
201,383.6980295798468,5.8%
201,383.6980295798468,5.8%
202,371.27093540867975,6.85%
203,390.18173114273867,5.42%
204,390.12159262795797,5.42%
204,390.12159262795797,5.42%
205,411.6958892854956,4.49%
205,411.6958892854956,4.49%
206,386.1912560134153,5.67%
207,388.1202538100861,5.55%
207,388.1202538100861,5.55%
208,385.0831777069906,5.73%
208,385.0831777069906,5.73%
209,382.8971052374106,5.86%
209,382.8971052374106,5.86%
210,357.23706133109124,9.56%
210,357.23706133109124,9.56%
211,380.2305372088721,6.05%
212,380.57971753321635,5.98%
213,399.3957175773696,4.59%
214,362.7746671518861,7.82%
215,360.9026795015538,8.07%
216,362.2235479453942,7.95%
217,355.00258078216154,10.47%
218,358.8070112336343,8.65%
219,348.21102459597296,13.66%
219,348.21102459597296,13.66%
220,388.82781344221604,5.48%
221,359.27275243127144,8.65%
221,359.27275243127144,8.65%
222,377.01650130151654,6.23%
223,356.34378419726113,10.01%
223,356.34378419726113,10.01%
224,354.60036368352104,10.47%
224,354.60036368352104,10.47%
225,384.7614643303961,5.73%
225,384.7614643303961,5.73%
226,377.78531030156915,6.17%
226,377.78531030156915,6.17%
227,382.6568153702065,5.86%
227,382.6568153702065,5.86%
228,384.8888989616456,5.73%
228,384.8888989616456,5.73%
229,361.027508465708,8.07%
229,361.027508465708,8.07%
230,353.7437184506145,10.93%
230,353.7437184506145,10.93%
231,355.34377505712945,10.47%
231,355.34377505712945,10.47%
232,383.3858937721511,5.86%
232,383.3858937721511,5.86%
233,358.80114282827014,8.65%
233,358.80114282827014,8.65%
234,371.27128306233203,6.85%
235,378.8022578177372,6.11%
235,378.8022578177372,6.11%
236,353.17936352009315,11.38%
236,353.17936352009315,11.38%
237,344.23682303837717,15.42%
237,344.23682303837717,15.42%
238,365.0939173522048,7.58%
238,365.0939173522048,7.58%
239,363.6582992706381,7.7%
239,363.6582992706381,7.7%
240,375.26054422544445,6.36%
240,375.26054422544445,6.36%
241,386.46801556202234,5.67%
241,386.46801556202234,5.67%
242,375.31088986662394,6.36%
242,375.31088986662394,6.36%
243,382.25943416027224,5.92%
243,382.25943416027224,5.92%
244,361.06875039276844,8.07%
245,373.85874713565954,6.48%
246,409.32898464272984,4.3%
246,409.32898464272984,4.3%
247,330.5458706045116,20.47%
247,330.5458706045116,20.47%
248,339.9089035546507,16.97%
248,339.9089035546507,16.97%
249,357.90996407803596,9.1%
250,371.9565117888568,6.73%
250,371.9565117888568,6.73%
251,361.3301679922784,8.07%
252,373.527528638311,6.48%
252,373.527528638311,6.48%
253,348.2386408154797,13.66%
254,384.50864518405376,5.73%
254,384.50864518405376,5.73%
255,374.41763824768805,6.48%
256,374.9205332191986,6.36%
256,374.9205332191986,6.36%
257,389.7014131986641,5.42%
257,389.7014131986641,5.42%
258,372.3841643067305,6.73%
258,372.3841643067305,6.73%
259,368.2997170353387,7.21%
259,368.2997170353387,7.21%
260,373.05216795482886,6.6%
260,373.05216795482886,6.6%
261,361.9451505022385,7.95%
261,361.9451505022385,7.95%
262,413.1005599656509,4.55%
263,360.6579622636124,8.07%
264,374.29159283620146,6.48%
265,353.4997294117696,11.38%
266,346.93256346010673,14.12%
267,363.0531628746472,7.82%
268,404.8073374694721,4.04%
269,407.02061706388264,4.17%
270,388.1594875030634,5.55%
270,388.1594875030634,5.55%
271,371.46477500842633,6.85%
271,371.46477500842633,6.85%
272,363.7649572205655,7.7%
273,424.13286541626456,3.67%
273,424.13286541626456,3.67%
274,372.1896800535613,6.73%
274,372.1896800535613,6.73%
275,387.06137538779547,5.61%
276,382.76310350300963,5.86%
276,382.76310350300963,5.86%
277,347.9068413342728,13.66%
278,368.94838309333215,7.09%
279,372.42087629645624,6.73%
279,372.42087629645624,6.73%
280,365.82070574267084,7.46%
280,365.82070574267084,7.46%
281,369.57252869006186,6.97%
281,369.57252869006186,6.97%
282,390.6788538236953,5.33%
282,390.6788538236953,5.33%
283,383.34505393438155,5.86%
283,383.34505393438155,5.86%
284,373.5290196943297,6.48%
284,373.5290196943297,6.48%
285,369.45617382265385,7.09%
285,369.45617382265385,7.09%
286,415.8390058809331,4.74%
287,363.88978618471975,7.7%
288,378.3529154690072,6.17%
289,374.2624506203881,6.48%
290,387.84521739723135,5.55%
291,367.1451898109567,7.34%
292,370.9561572832671,6.85%
293,385.56121761921537,5.67%
293,385.56121761921537,5.67%
294,388.3906681607967,5.55%
294,388.3906681607967,5.55%
295,386.09631864136725,5.67%
295,386.09631864136725,5.67%
296,392.85137011387684,5.14%
296,392.85137011387684,5.14%
297,383.0098363233627,5.86%
297,383.0098363233627,5.86%
298,379.6860194379551,6.05%
298,379.6860194379551,6.05%
299,388.8245068198224,5.48%
299,388.8245068198224,5.48%
300,384.843405142548,5.73%
301,385.2616543908099,5.73%
301,385.2616543908099,5.73%
302,369.57252869006186,6.97%
302,369.57252869006186,6.97%
303,381.29028708663895,5.98%
303,381.29028708663895,5.98%
304,391.2555734897009,5.33%
304,391.2555734897009,5.33%
305,372.93003954030587,6.6%
306,382.87331101776465,5.86%
307,362.96251657107,7.82%
308,380.6389881426376,5.98%
308,380.6389881426376,5.98%
309,369.11244063095785,7.09%
309,369.11244063095785,7.09%
310,378.13605278078296,6.17%
310,378.13605278078296,6.17%
311,387.9124064426054,5.55%
311,387.9124064426054,5.55%
312,361.3470291272382,8.07%
313,390.7255768635015,5.33%
313,390.7255768635015,5.33%
314,375.39986408231675,6.36%
314,375.39986408231675,6.36%
315,394.22385090352543,5.05%
315,394.22385090352543,5.05%
316,375.2178477531559,6.36%
317,393.40395337660823,5.14%
317,393.40395337660823,5.14%
318,383.9910191865899,5.8%
318,383.9910191865899,5.8%
319,399.9463846433745,4.5%
320,415.3610723190686,4.68%
321,342.21010214756825,16.2%
321,342.21010214756825,16.2%
322,393.00917948592735,5.14%
323,382.45806984271013,5.92%
323,382.45806984271013,5.92%
324,402.7301781925639,4.22%
325,373.866753624219,6.48%
325,373.866753624219,6.48%
326,392.5360627056784,5.14%
326,392.5360627056784,5.14%
327,393.0625388851529,5.14%
327,393.0625388851529,5.14%
328,392.94472390836927,5.14%
328,392.94472390836927,5.14%
329,395.66576706609897,4.87%
329,395.66576706609897,4.87%
330,402.7038291533566,4.22%
330,402.7038291533566,4.22%
331,385.32662607053544,5.73%
332,371.9468412597015,6.73%
333,382.1865843954491,5.92%
334,384.9759595173762,5.73%
335,377.4531641468309,6.23%
335,377.4531641468309,6.23%
336,383.96480168953775,5.8%
336,383.96480168953775,5.8%
337,403.96444811304593,4.13%
338,360.89908569577545,8.07%
339,378.7740325906713,6.11%
339,378.7740325906713,6.11%
340,368.03849825941234,7.21%
341,401.7465959523255,4.32%
342,387.06137538779547,5.61%
343,389.02488472648935,5.48%
343,389.02488472648935,5.48%
344,381.9506622609805,5.92%
344,381.9506622609805,5.92%
345,377.4531641468309,6.23%
345,377.4531641468309,6.23%
346,363.41343354434724,7.82%
347,400.9744351664399,4.41%
347,400.9744351664399,4.41%
348,386.53632115692375,5.61%
349,393.0625388851529,5.14%
349,393.0625388851529,5.14%
350,387.05263203816804,5.61%
350,387.05263203816804,5.61%
351,387.7320072421601,5.55%
351,387.7320072421601,5.55%
352,370.76091582785466,6.85%
353,354.74965066487636,10.47%
354,383.1879618776796,5.86%
354,383.1879618776796,5.86%
355,387.0480624307487,5.61%
355,387.0480624307487,5.61%
356,376.4660353042252,6.3%
357,371.0314988653426,6.85%
358,385.24286897463764,5.73%
358,385.24286897463764,5.73%
359,361.5092667512283,7.95%
360,329.8779088431011,20.86%
360,329.8779088431011,20.86%
361,394.39006868149545,5.05%
361,394.39006868149545,5.05%
362,392.94747181119067,5.14%
363,386.1035451348693,5.67%
364,372.6504086851756,6.6%
365,376.38213651765335,6.3%
365,376.38213651765335,6.3%
366,358.2255483189278,9.1%
366,358.2255483189278,9.1%
367,370.5118908932571,6.85%
368,368.71499254811994,7.09%
369,371.0155813131357,6.85%
370,362.26150021297235,7.95%
371,368.02129267139986,7.21%
371,368.02129267139986,7.21%
372,365.9466215576851,7.46%
373,369.97976120480683,6.97%
373,369.97976120480683,6.97%
374,381.4153653977198,5.98%
374,381.4153653977198,5.98%
375,366.44780806750896,7.46%
376,369.38103380203364,7.09%
377,385.4013973887964,5.73%
378,368.1689017612897,7.21%
379,356.6258795864824,9.56%
380,386.4499253333234,5.67%
381,372.2579872646357,6.73%
382,386.4346488007195,5.67%
383,367.6532449807916,7.21%
384,342.2829595991991,16.2%
384,342.2829595991991,16.2%
385,362.64281016214943,7.82%
386,369.44845985027723,7.09%
387,355.0597832270255,10.47%
388,383.217297226221,5.86%
389,353.04112680378216,11.38%
390,372.65497135715066,6.6%
391,365.06318434864215,7.58%
391,365.06318434864215,7.58%
392,361.20356797569707,8.07%
393,369.46325636048397,7.09%
394,364.8322811876584,7.58%
395,402.8604759258048,4.22%
396,366.4336029192689,7.46%
396,366.4336029192689,7.46%
397,378.31623171956807,6.17%
397,378.31623171956807,6.17%
398,382.52518855103057,5.86%
399,373.8654742125456,6.48%
399,373.8654742125456,6.48%
400,391.24960753015915,5.33%
401,385.0520700925174,5.73%
402,360.65596104127155,8.07%
403,362.29913927386843,7.95%
403,362.29913927386843,7.95%
405,390.60622028119155,5.33%
406,402.6487366225264,4.22%
407,361.97195983224617,7.95%
408,361.6307124228637,7.95%
409,377.8495951014093,6.17%
410,368.7180941710273,7.09%
411,405.7273163299413,4.1%
412,362.8822940669599,7.82%
413,386.2165894897712,5.67%
413,386.2165894897712,5.67%
414,360.01936290698023,8.19%
415,384.79757208875634,5.73%
415,384.79757208875634,5.73%
416,372.27069589032567,6.73%
417,382.02813673729565,5.92%
418,394.91444052491545,4.96%
419,384.72220935248043,5.73%
419,384.72220935248043,5.73%
420,389.49589107676724,5.48%
420,389.49589107676724,5.48%
421,374.53798914455143,6.36%
421,374.53798914455143,6.36%
422,380.43553957847604,6.05%
422,380.43553957847604,6.05%
423,358.21815077705145,9.1%
424,374.6596302832479,6.36%
424,374.6596302832479,6.36%
425,382.78801310622265,5.86%
425,382.78801310622265,5.86%
426,376.95288909820573,6.23%
426,376.95288909820573,6.23%
427,391.51396471199007,5.24%
427,391.51396471199007,5.24%
428,385.0374143970232,5.73%
429,376.255769365005,6.3%
429,376.255769365005,6.3%
430,385.24858316829926,5.73%
431,372.4577292559418,6.73%
432,383.7989515385591,5.8%
432,383.7989515385591,5.8%
433,360.5488499004559,8.07%
434,386.2177226830079,5.67%
435,362.64281016214943,7.82%
436,369.460100482276,7.09%
436,369.460100482276,7.09%
437,399.99714965544945,4.5%
438,369.46325636048397,7.09%
439,392.537033489626,5.14%
440,378.20580813750234,6.17%
441,387.15466582303907,5.61%
442,381.8523003412034,5.92%
443,365.6802278590706,7.46%
444,386.05746087023675,5.67%
444,386.05746087023675,5.67%
445,382.51644212269645,5.86%
445,382.51644212269645,5.86%
446,379.17644244291114,6.11%
446,379.17644244291114,6.11%
447,368.27681790516016,7.21%
447,368.27681790516016,7.21%
448,385.7861607956011,5.67%
448,385.7861607956011,5.67%
449,376.1523863107253,6.3%
450,384.13674459758266,5.8%
450,384.13674459758266,5.8%
451,394.0659881802031,5.05%
451,394.0659881802031,5.05%
452,395.5966716774289,4.87%
453,382.7099431769157,5.86%
453,382.7099431769157,5.86%
454,383.2521748042175,5.86%
455,382.3782723929536,5.92%
455,382.3782723929536,5.92%
456,382.42479616201217,5.92%
457,395.87324524179843,4.87%
457,395.87324524179843,4.87%
458,381.0643444345579,5.98%
458,381.0643444345579,5.98%
459,382.4315125260643,5.92%
459,382.4315125260643,5.92%
460,387.55899307635474,5.55%
460,387.55899307635474,5.55%
461,371.891960376484,6.73%
462,388.557613626552,5.48%
462,388.557613626552,5.48%
463,382.48235746284183,5.92%
464,368.83348722401837,7.09%
466,386.2521351275864,5.67%
467,379.47416195583173,6.11%
467,379.47416195583173,6.11%
468,382.3782723929536,5.92%
468,382.3782723929536,5.92%
469,391.66139001580257,5.24%
469,391.66139001580257,5.24%
470,380.2602917539778,6.05%
470,380.2602917539778,6.05%
471,395.2339309242981,4.96%
471,395.2339309242981,4.96%
472,377.281181213393,6.23%
473,391.2259600617939,5.33%
474,385.0927317993762,5.73%
475,379.62279050938423,6.05%
476,369.25835751764004,7.09%
477,375.239091749077,6.36%
478,384.4553012789066,5.8%
479,361.75115199005563,7.95%
480,371.19697410940637,6.85%
481,371.35835114964044,6.85%
481,371.35835114964044,6.85%
482,388.65050098518157,5.48%
482,388.65050098518157,5.48%
483,390.54395881626243,5.33%
483,390.54395881626243,5.33%
484,389.24050226050406,5.48%
484,389.24050226050406,5.48%
485,388.42311938283564,5.55%
485,388.42311938283564,5.55%
486,386.2521351275864,5.67%
487,388.48710651408,5.55%
487,388.48710651408,5.55%
488,378.88269968340563,6.11%
488,378.88269968340563,6.11%
489,385.9530766340949,5.67%
490,383.4485608130012,5.86%
491,353.8891037552022,10.93%
492,390.292362943812,5.42%
492,390.292362943812,5.42%
493,369.77149766225864,6.97%
493,369.77149766225864,6.97%
494,397.39692396079204,4.78%
495,374.4815668197279,6.48%
496,367.663347186869,7.21%
497,358.5127492576844,8.65%
498,380.5253039047696,5.98%
498,380.5253039047696,5.98%
499,367.60988821550734,7.21%
499,367.60988821550734,7.21%
500,380.65843646438003,5.98%
501,360.1849789597971,8.19%
502,374.51109377055934,6.36%
502,374.51109377055934,6.36%
503,372.172554581877,6.73%
504,375.3456445923189,6.36%
504,375.3456445923189,6.36%
505,383.0063499841993,5.86%
506,376.7992930775132,6.23%
506,376.7992930775132,6.23%
507,353.82613767857293,10.93%
507,353.82613767857293,10.93%
508,395.48678362216765,4.96%
508,395.48678362216765,4.96%
509,376.22181867476604,6.3%
509,376.22181867476604,6.3%
510,386.39212606384257,5.67%
511,374.9082268743288,6.36%
511,374.9082268743288,6.36%
512,383.12981168749485,5.86%
512,383.12981168749485,5.86%
513,373.58684329300354,6.48%
514,376.5516930940838,6.23%
514,376.5516930940838,6.23%
515,371.6328444388391,6.73%
515,371.6328444388391,6.73%
516,373.30960101429577,6.6%
517,382.132995879621,5.92%
518,350.52886530982687,12.29%
518,350.52886530982687,12.29%
519,400.2537942121063,4.5%
520,370.0438513834685,6.97%
521,366.70487500631384,7.34%
522,376.6111321146359,6.23%
522,376.6111321146359,6.23%
523,379.0262939098042,6.11%
523,379.0262939098042,6.11%
524,362.7253653719716,7.82%
524,362.7253653719716,7.82%
525,378.17329835897647,6.17%
526,363.6083613309665,7.7%
526,363.6083613309665,7.7%
527,361.9779472241884,7.95%
528,363.1560952663877,7.82%
529,368.3581393327165,7.21%
530,379.7104036952851,6.05%
530,379.7104036952851,6.05%
531,374.08940022997604,6.48%
532,367.22958895753607,7.34%
533,381.1765403007652,5.98%
533,381.1765403007652,5.98%
534,376.8598759982651,6.23%
535,379.7173147186189,6.05%
535,379.7173147186189,6.05%
536,373.78354248869886,6.48%
536,373.78354248869886,6.48%
537,357.17152097956034,9.56%
538,373.3749903708862,6.6%
539,373.1063812143048,6.6%
539,373.1063812143048,6.6%
540,372.19873858304976,6.73%
540,372.19873858304976,6.73%
541,369.6763567231767,6.97%
541,369.6763567231767,6.97%
542,362.4860622748888,7.95%
543,374.8297660215775,6.36%
543,374.8297660215775,6.36%
544,361.5303437256048,7.95%
544,361.5303437256048,7.95%
545,387.05896201298674,5.61%
545,387.05896201298674,5.61%
546,375.5090144473183,6.3%
547,368.36033338547963,7.21%
548,393.65548631998973,5.05%
548,393.65548631998973,5.05%
549,378.8404071997731,6.11%
550,367.11219490679497,7.34%
551,368.2132347971692,7.21%
551,368.2132347971692,7.21%
552,389.83881876580506,5.42%
553,376.93953537097315,6.23%
554,387.5362680393739,5.55%
554,387.5362680393739,5.55%
555,368.15923604484175,7.21%
555,368.15923604484175,7.21%
556,369.96907060582566,6.97%
556,369.96907060582566,6.97%
557,375.34351279432553,6.36%
557,375.34351279432553,6.36%
558,356.7693183529236,9.56%
558,356.7693183529236,9.56%
559,371.8679407147963,6.73%
559,371.8679407147963,6.73%
560,363.73166584244933,7.7%
560,363.73166584244933,7.7%
561,360.4637638793569,8.19%
562,363.25092341244573,7.82%
563,361.17698449361075,8.07%
563,361.17698449361075,8.07%
564,361.06632977074594,8.07%
564,361.06632977074594,8.07%
565,370.56977220037794,6.85%
566,370.87395980105833,6.85%
566,370.87395980105833,6.85%
567,377.255177984162,6.23%
567,377.255177984162,6.23%
568,373.94079846935534,6.48%
568,373.94079846935534,6.48%
569,375.54907582017245,6.3%
570,378.967348157069,6.11%
570,378.967348157069,6.11%
571,370.4862732012203,6.97%
572,361.2088015411861,8.07%
572,361.2088015411861,8.07%
573,366.62598740916536,7.34%
573,367.1175711175937,7.34%
574,380.0007429746475,6.05%
574,380.0007429746475,6.05%
575,376.64315630188327,6.23%
575,376.64315630188327,6.23%
576,373.66199200806557,6.48%
576,373.66199200806557,6.48%
577,369.32681570412143,7.09%
578,373.0921216693826,6.6%
579,375.77200788896846,6.3%
579,375.77200788896846,6.3%
580,373.4030076713922,6.6%
581,361.18313102378454,8.07%
582,367.7728478389679,7.21%
583,373.73535572154293,6.48%
583,373.73535572154293,6.48%
584,373.1953955203598,6.6%
584,373.1953955203598,6.6%
585,376.46060305214144,6.3%
586,396.93502837466974,4.78%
586,396.93502837466974,4.78%
587,340.37800188925615,16.97%
587,340.37800188925615,16.97%
588,375.4343268943482,6.36%
589,372.0630380481035,6.73%
590,371.52530321960757,6.73%
591,373.1953955203598,6.6%
591,373.1953955203598,6.6%
592,370.8351223645233,6.85%
593,363.9256956467322,7.7%
593,363.9256956467322,7.7%
594,377.4083316971825,6.23%
594,377.4083316971825,6.23%
595,371.75311801895134,6.73%
596,360.392735445933,8.19%
597,368.8350231501312,7.09%
598,388.2102608312452,5.55%
599,357.1697377049563,9.56%
599,357.1697377049563,9.56%
600,380.47275662493917,6.05%
600,380.47275662493917,6.05%
601,350.96958652902333,12.29%
601,350.96958652902333,12.29%
602,379.06245304150764,6.11%
602,379.06245304150764,6.11%
603,379.7023916929684,6.05%
603,379.7023916929684,6.05%
604,372.0630380481035,6.73%
605,392.32871584356445,5.24%
605,392.32871584356445,5.24%
606,370.0438354373375,6.97%
606,370.0438354373375,6.97%
607,354.1261743056215,10.93%
607,354.1261743056215,10.93%
608,376.6943366236039,6.23%
609,371.5527057599618,6.73%
609,371.5527057599618,6.73%
610,376.9896507367569,6.23%
611,398.6996245774175,4.59%
611,398.6996245774175,4.59%
612,380.07564813184797,6.05%
613,376.32928078986487,6.3%
613,376.32928078986487,6.3%
614,387.8048911282838,5.55%
614,387.8048911282838,5.55%
615,363.3212316281928,7.82%
615,363.3212316281928,7.82%
616,370.157211059224,6.97%
617,371.25998623152606,6.85%
617,372.89453374262814,6.6%
618,380.5975855890934,5.98%
618,380.5975855890934,5.98%
619,409.8222868601394,4.36%
619,409.8222868601394,4.36%
620,372.0630380481035,6.73%
621,369.31035076008067,7.09%
621,369.31035076008067,7.09%
622,391.00790574965146,5.33%
622,391.00790574965146,5.33%
623,376.6550082397944,6.23%
623,376.6550082397944,6.23%
624,365.46161597196203,7.58%
625,373.2245318491271,6.6%
625,373.2245318491271,6.6%
626,374.9866838201725,6.36%
626,374.9866838201725,6.36%
627,381.63660381533475,5.92%
628,375.58605337833046,6.3%
628,375.58605337833046,6.3%
629,362.48132700427186,7.95%
629,362.48132700427186,7.95%
630,381.9705184696535,5.92%
631,386.6317674683722,5.61%
632,407.7168609640465,4.23%
632,407.7168609640465,4.23%
633,398.02058970916767,4.68%
633,398.02058970916767,4.68%
634,370.0880626884114,6.97%
635,390.9092358853562,5.33%
636,359.83536370470284,8.19%
637,373.0814857100642,6.6%
637,373.0814857100642,6.6%
638,363.9491451873625,7.7%
639,403.84355354803705,4.13%
640,370.97705383518655,6.85%
640,370.97705383518655,6.85%
641,384.3756288133985,5.8%
642,388.7602618839192,5.48%
642,391.64538500559473,5.24%
643,361.7411906935824,7.95%
644,394.8164507003697,4.96%
644,394.8164507003697,4.96%
645,373.27159224302204,6.6%
645,373.27159224302204,6.6%
646,366.7670181125242,7.34%
647,378.0352641937619,6.17%
647,378.0352641937619,6.17%
648,404.1516656188556,4.13%
648,404.1516656188556,4.13%
649,350.168501414665,12.75%
649,350.168501414665,12.75%
650,378.9246532681416,6.11%
650,378.9246532681416,6.11%
651,381.3419231487604,5.98%
651,381.3419231487604,5.98%
652,370.72982929192005,6.85%
652,370.72982929192005,6.85%
653,376.3635315557197,6.3%
653,376.3635315557197,6.3%
654,377.3840042044894,6.23%
654,377.3840042044894,6.23%
655,371.41473025516154,6.85%
655,371.41473025516154,6.85%
656,350.98676383738,12.29%
656,350.98676383738,12.29%
657,378.99805488792117,6.11%
657,378.99805488792117,6.11%
658,378.4583060378827,6.17%
658,378.4583060378827,6.17%
659,361.60468812049925,7.95%
659,361.60468812049925,7.95%
660,368.81870744803507,7.09%
660,368.81870744803507,7.09%
661,371.9727899249594,6.73%
661,371.9727899249594,6.73%
662,379.23576871193677,6.11%
662,379.23576871193677,6.11%
663,398.2602838035118,4.68%
664,379.057682565503,6.11%
665,362.2034053177353,7.95%
666,371.0846059154563,6.85%
666,371.0846059154563,6.85%
667,371.2899012910073,6.85%
667,371.2899012910073,6.85%
668,391.81007351310365,5.24%
668,391.81007351310365,5.24%
669,387.90357443196143,5.55%
669,387.90357443196143,5.55%
670,408.2463216439094,4.23%
670,408.2463216439094,4.23%
671,371.2364801323338,6.85%
671,371.2364801323338,6.85%
672,370.5734340415788,6.85%
672,370.5734340415788,6.85%
673,378.7645779344073,6.11%
673,378.7645779344073,6.11%
674,378.7866430524058,6.11%
675,378.0249184029855,6.17%
676,376.2439369992185,6.3%
677,350.90321841590253,12.29%
678,374.5477459968735,6.36%
679,367.3480345431665,7.34%
680,373.7888486179172,6.48%
680,373.7888486179172,6.48%
681,398.9136066726064,4.59%
681,398.9136066726064,4.59%
682,386.82716399814456,5.61%
683,374.46305246189627,6.48%
684,359.4842979753195,8.65%
684,359.4842979753195,8.65%
685,368.5769452518183,7.09%
685,368.5769452518183,7.09%
686,385.18522796530567,5.73%
686,385.18522796530567,5.73%
687,402.52841402061733,4.22%
687,402.52841402061733,4.22%
688,373.54515157897674,6.48%
688,373.54515157897674,6.48%
689,369.0106973031945,7.09%
689,369.0106973031945,7.09%
690,373.57378465739856,6.48%
690,373.57378465739856,6.48%
691,374.8787085296965,6.36%
692,357.75695547331327,9.1%
692,357.75695547331327,9.1%
693,372.885614993966,6.6%
693,372.885614993966,6.6%
694,367.54497156998707,7.21%
694,367.54497156998707,7.21%
695,380.40840578175397,6.05%
695,380.40840578175397,6.05%
696,378.67482308731644,6.11%
696,378.67482308731644,6.11%
697,375.8278332529662,6.3%
697,375.8278332529662,6.3%
698,386.836250578504,5.61%
699,370.3186020500494,6.97%
700,336.6990003445153,18.14%
700,336.6990003445153,18.14%
701,366.01625506814304,7.46%
701,366.01625506814304,7.46%
702,378.8140171842958,6.11%
703,364.0923170235589,7.7%
703,364.0923170235589,7.7%
704,370.9326758325126,6.85%
704,370.9326758325126,6.85%
705,388.18586874304447,5.55%
705,388.18586874304447,5.55%
706,371.87573828391385,6.73%
706,371.87573828391385,6.73%
707,387.70259897411165,5.55%
707,387.70259897411165,5.55%
708,389.5307020858641,5.42%
708,389.5307020858641,5.42%
709,380.04082455600036,6.05%
709,380.04082455600036,6.05%
710,383.87106483049286,5.8%
710,383.87106483049286,5.8%
711,392.5986774832732,5.14%
711,392.5986774832732,5.14%
712,389.9002904394676,5.42%
712,389.9002904394676,5.42%
713,386.76056675142013,5.61%
713,386.76056675142013,5.61%
714,363.53812472246017,7.7%
714,363.53812472246017,7.7%
715,398.04300003450163,4.68%
716,364.0089949495484,7.7%
716,364.0089949495484,7.7%
717,373.9519675626533,6.48%
717,373.9519675626533,6.48%
718,386.6947787457056,5.61%
719,360.90486223378775,8.07%
720,380.6322896654482,5.98%
720,380.6322896654482,5.98%
721,344.62793385405774,15.03%
721,344.62793385405774,15.03%
722,376.8191655877581,6.23%
723,387.62424776879175,5.55%
724,376.90846710826054,6.23%
725,376.94343456185203,6.23%
726,377.7448235111298,6.17%
727,373.6520631323474,6.48%
728,366.7809026845013,7.34%
729,378.7440196124416,6.11%
730,363.45556721775205,7.82%
731,393.4099752834878,5.14%
732,377.26837820125456,6.23%
732,377.26837820125456,6.23%
733,371.4728372027161,6.85%
733,371.4728372027161,6.85%
734,382.8684316190991,5.86%
734,382.8684316190991,5.86%
735,376.23410956124656,6.3%
735,376.23410956124656,6.3%
736,386.24449955263833,5.67%
737,394.17484226194364,5.05%
737,394.17484226194364,5.05%
738,376.7759104603399,6.23%
738,376.7759104603399,6.23%
739,384.1606620653373,5.8%
739,384.1606620653373,5.8%
740,380.04082455600036,6.05%
740,380.04082455600036,6.05%
741,404.44959773296404,4.13%
741,404.44959773296404,4.13%
742,358.57717960605726,8.65%
743,385.8633662092386,5.67%
744,376.64973237388506,6.23%
744,376.64973237388506,6.23%
745,355.36977832680105,10.47%
746,389.6984947588882,5.42%
746,389.6984947588882,5.42%
747,377.6663841440991,6.17%
747,377.6663841440991,6.17%
748,390.0212964560527,5.42%
748,390.0212964560527,5.42%
749,393.15294093336485,5.14%
749,393.15294093336485,5.14%
750,380.20861722902447,6.05%
750,380.20861722902447,6.05%
751,365.32984519238835,7.58%
752,387.87039164713576,5.55%
752,387.87039164713576,5.55%
753,385.32534026791456,5.73%
754,390.3567739022567,5.42%
754,390.3567739022567,5.42%
755,381.0081617795853,5.98%
755,381.0081617795853,5.98%
756,388.62378739355984,5.48%
756,388.62378739355984,5.48%
757,385.12799928892224,5.73%
757,385.12799928892224,5.73%
758,380.89150586297654,5.98%
758,380.89150586297654,5.98%
759,383.4224758843292,5.86%
759,383.4224758843292,5.86%
760,391.79550579351474,5.24%
760,395.2772769462877,4.96%
761,393.36609317787605,5.14%
761,393.36609317787605,5.14%
762,397.7360457973283,4.68%
763,376.943703133364,6.23%
764,368.36768471427524,7.21%
765,384.15229586639066,5.8%
766,397.12585742489676,4.78%
766,400.60762857766974,4.41%
767,389.80688307501055,5.42%
767,389.80688307501055,5.42%
768,392.47842979011546,5.24%
768,392.47842979011546,5.24%
769,369.1394582320588,7.09%
769,369.1394582320588,7.09%
770,379.00995379227504,6.11%
771,378.8409395780484,6.11%
772,380.20861722902447,6.05%
772,380.20861722902447,6.05%
773,384.07265360800426,5.8%
773,384.07265360800426,5.8%
774,370.54457667694146,6.85%
775,396.9281133270257,4.78%
775,396.9281133270257,4.78%
776,359.6428152266631,8.19%
777,399.1565287840197,4.59%
777,399.1565287840197,4.59%
778,381.0081617795853,5.98%
778,381.0081617795853,5.98%
779,367.3212247643743,7.34%
780,394.30908093428536,5.05%
780,394.30908093428536,5.05%
781,381.76155752600937,5.92%
781,381.76155752600937,5.92%
782,356.40046667877834,10.01%
783,380.89150586297654,5.98%
784,377.6812413098738,6.17%
784,377.6812413098738,6.17%
785,381.44525635321406,5.98%
786,380.8526891957765,5.98%
786,380.8526891957765,5.98%
787,364.20352163541696,7.7%
788,389.57232827185356,5.42%
788,389.57232827185356,5.42%
789,388.32876460108514,5.55%
789,388.32876460108514,5.55%
790,374.7409211749718,6.36%
791,384.5662279119856,5.73%
791,384.5662279119856,5.73%
792,371.4042728053579,6.85%
792,371.4042728053579,6.85%
793,375.6583866832924,6.3%
793,375.6583866832924,6.3%
794,360.33221851972326,8.19%
795,367.51485388532643,7.21%
795,367.51485388532643,7.21%
796,385.0113433723135,5.73%
796,385.0113433723135,5.73%
797,383.4980895530987,5.86%
797,383.4980895530987,5.86%
798,361.9357140285867,7.95%
799,351.8468603943286,11.84%
799,351.8468603943286,11.84%
800,374.14142125864237,6.48%
800,374.14142125864237,6.48%
801,388.63495667342835,5.48%
802,368.4458925920466,7.21%
803,376.20233316711807,6.3%
804,362.51960826915183,7.82%
805,374.096995183173,6.48%
806,375.353466274539,6.36%
806,375.353466274539,6.36%
807,356.52435284450723,9.56%
808,375.63779310229427,6.3%
809,369.04000194355166,7.09%
809,369.04000194355166,7.09%
810,372.8749026878797,6.6%
811,372.88233891186735,6.6%
812,375.98880619679477,6.3%
813,370.6540658742444,6.85%
814,367.1879750875364,7.34%
815,388.75564534029843,5.48%
816,392.7250920310216,5.14%
816,392.7250920310216,5.14%
817,377.5425941803736,6.17%
818,379.55769793306007,6.05%
818,379.55769793306007,6.05%
819,371.884741029228,6.73%
820,377.44767341418043,6.23%
821,365.66784450019986,7.46%
821,365.66784450019986,7.46%
822,382.4727853885775,5.92%
823,367.37564529253467,7.34%
824,372.72460824593975,6.6%
825,380.96528091276673,5.98%
825,380.96528091276673,5.98%
826,376.9404650739448,6.23%
827,370.02798536781194,6.97%
828,376.862129296628,6.23%
829,375.61580453275064,6.3%
830,375.61580453275064,6.3%
831,373.9055663076851,6.48%
832,389.0541708581297,5.48%
832,389.0541708581297,5.48%
833,386.2069814053957,5.67%
834,370.32545606562405,6.97%
835,352.5703055844035,11.38%
836,373.3623565582763,6.6%
837,404.78932789947487,4.04%
837,404.78932789947487,4.04%
838,367.1879750875364,7.34%
839,375.69137494735526,6.3%
840,417.0497248362708,4.81%
840,417.0497248362708,4.81%
841,396.80866379388004,4.78%
841,396.80866379388004,4.78%
842,378.49667680773007,6.17%
843,380.34318465275805,6.05%
843,380.34318465275805,6.05%
844,375.7467929557021,6.3%
845,369.0381159939538,7.09%
846,351.62044114636456,11.84%
846,351.62044114636456,11.84%
847,357.4088640058001,9.56%
847,357.4088640058001,9.56%
848,368.50721519044004,7.09%
849,386.41441511069263,5.67%
850,361.54290788501305,7.95%
850,361.54290788501305,7.95%
851,363.8523763356721,7.7%
851,363.8523763356721,7.7%
852,367.9427328912418,7.21%
852,367.9427328912418,7.21%
853,382.3024962341756,5.92%
854,377.96889727050717,6.17%
854,377.96889727050717,6.17%
855,372.93905969574394,6.6%
855,375.82418281741946,6.3%
856,365.93170426398785,7.46%
857,366.08468112205423,7.46%
858,368.0283545314761,7.21%
858,368.0283545314761,7.21%
859,375.69137494735526,6.3%
860,397.64916001787316,4.68%
860,397.64916001787316,4.68%
861,375.4692655848692,6.36%
866,360.90084994580656,8.07%
867,368.0272831864107,7.21%
868,357.3870291020366,9.56%
869,382.6633512162861,5.86%
870,373.04726398488407,6.6%
871,365.3531499839423,7.58%
872,374.13871568833827,6.48%
873,374.13871568833827,6.48%
874,361.36689726771334,8.07%
875,385.45578620844753,5.73%
875,385.45578620844753,5.73%
876,361.36689726771334,8.07%
877,371.49825020615936,6.85%
878,370.422772329992,6.97%
878,370.422772329992,6.97%
879,356.0195678737684,10.01%
879,356.0195678737684,10.01%
880,393.28533107842964,5.14%
880,393.28533107842964,5.14%
881,377.35291098617944,6.23%
882,377.22195002399286,6.23%
882,377.22195002399286,6.23%
883,367.8786913074213,7.21%
883,367.8786913074213,7.21%
884,373.99748630875547,6.48%
885,373.1046303223789,6.6%
885,373.1046303223789,6.6%
886,377.7848820442185,6.17%
887,373.41009335927237,6.6%
888,389.1218431245861,5.48%
888,389.1218431245861,5.48%
889,374.397053900317,6.48%
890,369.28652802063937,7.09%
891,371.93485022931213,6.73%
892,377.1668697576757,6.23%
893,386.62368344653197,5.61%
893,386.62368344653197,5.61%
894,373.33175758195557,6.6%
895,362.58162845547577,7.82%
896,382.5594730828882,5.86%
897,376.7770044437375,6.23%
898,390.4888342543215,5.42%
899,365.26804063482297,7.58%
900,393.611251595844,5.05%
900,393.611251595844,5.05%
901,390.879593661025,5.33%
901,390.879593661025,5.33%
902,388.1883105623014,5.55%
903,379.8568319586066,6.05%
904,374.1957711317201,6.48%
905,393.4583889203241,5.14%
905,393.4583889203241,5.14%
906,371.1072312887781,6.85%
906,371.1072312887781,6.85%
907,342.30259853271673,16.2%
907,342.30259853271673,16.2%
908,374.222992868561,6.48%
909,370.397605034016,6.97%
910,373.4451402429785,6.6%
911,391.6254450094092,5.24%
911,391.6254450094092,5.24%
912,372.0778454733462,6.73%
912,372.0778454733462,6.73%
913,374.4651225421352,6.48%
913,374.4651225421352,6.48%
914,393.0109597869711,5.14%
914,393.0109597869711,5.14%
915,368.2533309917868,7.21%
916,374.5589373702652,6.36%
917,344.84314976087336,15.03%
918,378.8779561613448,6.11%
919,377.95166690257935,6.17%
919,377.95166690257935,6.17%
920,364.6924530526928,7.58%
921,385.8079486065907,5.67%
921,385.8079486065907,5.67%
922,366.9746187564241,7.34%
923,365.7414326466345,7.46%
923,365.7414326466345,7.46%
924,408.21041113279495,4.23%
924,408.21041113279495,4.23%
925,377.2434086502427,6.23%
926,389.0366133888449,5.48%
927,364.15261841241363,7.7%
927,364.15261841241363,7.7%
928,371.7305698277522,6.73%
929,362.24920096227197,7.95%
930,369.44481761347686,7.09%
931,382.9666332840241,5.86%
931,382.9666332840241,5.86%
932,370.5691563141238,6.85%
933,385.11336765044325,5.73%
933,385.11336765044325,5.73%
934,366.4764158442391,7.46%
935,370.57452293805966,6.85%
935,370.57452293805966,6.85%
936,378.92964135440786,6.11%
937,394.85337897193176,4.96%
938,360.2820801800542,8.19%
939,360.07497008767007,8.19%
940,364.13435226292654,7.7%
941,366.7503114122134,7.34%
942,374.13269929695997,6.48%
943,366.551145156943,7.34%
944,371.3675837353887,6.85%
944,371.3675837353887,6.85%
945,364.42211539150935,7.7%
946,404.88508161455235,4.04%
946,404.88508161455235,4.04%
947,382.2585532350502,5.92%
947,382.2585532350502,5.92%
948,369.2730474334387,7.09%
949,371.56940610428074,6.73%
950,394.14550494168907,5.05%
951,374.96647984308777,6.36%
951,374.96647984308777,6.36%
952,373.25084659785045,6.6%
952,373.25084659785045,6.6%
953,400.3271606032387,4.5%
953,400.3271606032387,4.5%
954,397.3990774239316,4.78%
954,397.3990774239316,4.78%
955,393.8138806171489,5.05%
955,393.8138806171489,5.05%
956,385.0254252576048,5.73%
956,385.0254252576048,5.73%
957,374.3998172324157,6.48%
957,374.3998172324157,6.48%
958,373.8085064720181,6.48%
959,374.26500218875094,6.48%
960,399.52046635391434,4.5%
961,365.6284673285592,7.46%
961,365.6284673285592,7.46%
962,383.19311749904637,5.86%
963,408.74798595463454,4.3%
963,408.74798595463454,4.3%
964,379.964889244088,6.05%
965,368.9055788641384,7.09%
966,373.5766798851856,6.48%
967,370.6041827931577,6.85%
968,373.9409493392326,6.48%
969,371.88632323096164,6.73%
970,392.13703632119484,5.24%
976,402.24670501824886,4.32%
976,402.24670501824886,4.32%
977,384.83020978255126,5.73%
978,370.4581141859564,6.97%
979,374.38353534257624,6.48%
980,368.6187608897731,7.09%
981,368.2186224201049,7.21%
981,368.2186224201049,7.21%
982,353.6723525472382,10.93%
986,358.92137733203384,8.65%
986,358.92137733203384,8.65%
987,357.2464548103913,9.56%
987,357.2464548103913,9.56%
988,369.460792198997,7.09%
989,394.3729713147482,5.05%
990,365.340071245322,7.58%
991,397.70480306126217,4.68%
991,397.70480306126217,4.68%
992,351.4159413672918,12.29%
993,370.6663757528054,6.85%
994,389.82675186889867,5.42%
994,389.82675186889867,5.42%
995,399.6811525941055,4.5%
996,380.19731277320494,6.05%
996,380.19731277320494,6.05%
997,400.59776726079076,4.41%
997,400.59776726079076,4.41%
998,394.49546477250914,5.05%
998,394.49546477250914,5.05%
999,406.08527679589963,4.1%
999,406.08527679589963,4.1%
1000,386.44336949302374,5.67%
1001,386.16068909917146,5.67%
1001,386.16068909917146,5.67%
1002,375.1743185677614,6.36%
1003,356.76645265668077,9.56%
1003,356.76645265668077,9.56%
1004,370.43321507029765,6.97%
1004,370.43321507029765,6.97%
1005,388.2691391912243,5.55%
1005,388.2691391912243,5.55%
1006,379.9539634699111,6.05%
1006,379.9539634699111,6.05%
1007,381.2566045678025,5.98%
1007,381.2566045678025,5.98%
1008,389.26775974142157,5.48%
1008,389.26775974142157,5.48%
1009,378.09111188021603,6.17%
1010,381.40690932367386,5.98%
1010,381.40690932367386,5.98%
1011,372.62430361192503,6.6%
1011,372.62430361192503,6.6%
1012,392.7708933540317,5.14%
1012,392.7708933540317,5.14%
1013,368.71514346705635,7.09%
1014,378.3338319378176,6.17%
1015,373.9845634095106,6.48%
1016,366.50450479480617,7.34%
1017,374.0462359778478,6.48%
1018,369.29093911380454,7.09%
1019,362.13354846976085,7.95%
1020,362.64450552259177,7.82%
1021,395.6728676830791,4.87%
1022,389.76490253480716,5.42%
1022,389.76490253480716,5.42%
1023,371.46011635535075,6.85%
1023,371.46011635535075,6.85%
1024,384.6462124245382,5.73%
1024,384.6462124245382,5.73%
1025,381.0916019154754,5.98%
1025,381.0916019154754,5.98%
1026,368.3306684350447,7.21%
1026,368.3306684350447,7.21%
1027,373.2931191155172,6.6%
1028,379.9693702077683,6.05%
1028,379.9693702077683,6.05%
1029,422.669654344843,4.0%
1030,392.5350155907633,5.14%
1031,371.9689143916258,6.73%
1032,382.1031397620845,5.92%
1032,382.1031397620845,5.92%
1033,406.0429104471512,4.1%
1033,406.0429104471512,4.1%
1034,375.3577494200332,6.36%
1035,374.70805050344995,6.36%
1036,384.6462124245382,5.73%
1036,384.6462124245382,5.73%
1037,382.4055298738711,5.92%
1037,382.4055298738711,5.92%
1038,381.40690932367386,5.98%
1038,381.40690932367386,5.98%
1039,375.43003227260164,6.36%
1039,375.43003227260164,6.36%
1040,384.6511917153174,5.73%
1040,384.6511917153174,5.73%
1041,382.4055298738711,5.92%
1041,382.4055298738711,5.92%
1042,382.6703854355897,5.86%
1042,382.6703854355897,5.86%
1043,373.07301931080247,6.6%
1044,357.50311958285045,9.1%
1045,380.441363076918,6.05%
1046,387.2432043958543,5.61%
1047,377.1047395366378,6.23%
1048,375.13829784054604,6.36%
1049,384.66184642951316,5.73%
1049,384.66184642951316,5.73%
1050,373.233850423914,6.6%
1051,383.1162979359097,5.86%
1052,376.9198390180552,6.23%
1053,364.421552193484,7.7%
1054,387.2328120513401,5.61%
1055,380.2438858106616,6.05%
1055,380.2438858106616,6.05%
1056,376.9902601290509,6.23%
1057,409.9902452289645,4.36%
1057,409.9902452289645,4.36%
1058,381.46053201440594,5.98%
1058,381.46053201440594,5.98%
1059,367.723086059795,7.21%
1060,378.66519352453435,6.11%
1061,390.83732689448516,5.33%
1061,390.83732689448516,5.33%
1062,381.45674175035754,5.98%
1062,381.45674175035754,5.98%
1063,386.7156076891208,5.61%
1064,362.7661137313984,7.82%
1065,381.3063525704586,5.98%
1066,381.7550359796326,5.92%
1067,370.65063390554917,6.85%
1067,370.65063390554917,6.85%
1068,381.40690932367386,5.98%
1068,381.40690932367386,5.98%
1069,386.88048973205133,5.61%
1069,386.88048973205133,5.61%
1070,387.29703369808857,5.61%
1070,387.29703369808857,5.61%
1071,388.21240856851705,5.55%
1071,388.21240856851705,5.55%
1072,371.85942519432285,6.73%
1073,338.05067650979925,17.75%
1073,338.05067650979925,17.75%
1074,382.5236469707153,5.86%
1074,382.5236469707153,5.86%
1075,381.40690932367386,5.98%
1075,381.40690932367386,5.98%
1076,369.69834267141937,6.97%
1077,388.67897597763476,5.48%
1077,388.67897597763476,5.48%
1078,370.5438424352791,6.85%
1079,376.53017046000815,6.23%
1080,376.193914018516,6.3%
1081,392.3246614590631,5.24%
1081,392.3246614590631,5.24%
1081,392.3246614590631,5.24%
1082,373.8323578648556,6.48%
1083,370.16693807377527,6.97%
1083,370.16693807377527,6.97%
1084,365.33078033687224,7.58%
1085,376.7824219592637,6.23%
1086,362.03617451801176,7.95%
1087,369.7268268913807,6.97%
1087,369.7268268913807,6.97%
1088,374.9642845511389,6.36%
1089,399.736690895505,4.5%
1089,399.736690895505,4.5%
1090,395.02285819431046,4.96%
1090,395.02285819431046,4.96%
1091,363.73973479579774,7.7%
1092,414.58264482167124,4.68%
1092,414.58264482167124,4.68%
1093,391.7375564515614,5.24%
1094,398.1619919376807,4.68%
1094,398.1619919376807,4.68%
1095,374.2919642579131,6.48%
1096,372.8661369232333,6.6%
1097,369.8584698131629,6.97%
1098,369.14868900043354,7.09%
1099,385.8650679450469,5.67%
1100,368.45779363430813,7.21%
1101,373.3192901804327,6.6%
1102,372.2152819364909,6.73%
1103,377.1013727291775,6.23%
1104,417.22805029364895,4.81%
1104,417.22805029364895,4.81%
1105,363.9928497296721,7.7%
1106,384.1593021940596,5.8%
1106,384.1593021940596,5.8%
1107,377.910495010667,6.17%
1108,371.2901465861225,6.85%
1109,363.45146362897447,7.82%
1110,370.4617905979237,6.97%
1111,370.21012623260026,6.97%
1112,382.8958531665733,5.86%
1113,360.5335193297375,8.07%
1114,392.3324723702672,5.24%
1115,373.1960635146827,6.6%
1116,361.33709527804274,8.07%
1116,361.33709527804274,8.07%
1117,378.0098172158056,6.17%
1118,360.7405354029409,8.07%
1119,363.52798209307184,7.7%
1120,344.55340955510246,15.03%
1120,344.55340955510246,15.03%
1121,377.042050934311,6.23%
1121,377.042050934311,6.23%
1122,391.2710995172711,5.33%
1122,391.2710995172711,5.33%
1123,402.8910249717353,4.22%
1124,389.24450786425604,5.48%
1125,376.38044880656963,6.3%
1126,354.009503345955,10.93%
1127,368.5095563739648,7.09%
1128,371.8987698284224,6.73%
1129,375.52281219643413,6.3%
1130,375.4078584945977,6.36%
1131,374.7601653491681,6.36%
1132,364.9899273489661,7.58%
1133,373.41448244377335,6.6%
1134,379.88466311330086,6.05%
1135,369.98242798971796,6.97%
1136,375.5931895072404,6.3%
1137,384.5314865158466,5.73%
1137,384.5314865158466,5.73%
1137,384.5314865158466,5.73%
1138,373.11570155835904,6.6%
1139,388.152613419508,5.55%
1139,388.152613419508,5.55%
1140,357.5196019253863,9.1%
1140,357.5196019253863,9.1%
1141,351.20106380137304,12.29%
1141,351.20106380137304,12.29%
1142,381.184556591776,5.98%
1143,382.45969983372646,5.92%
1144,370.2622270191546,6.97%
1145,378.05015914552865,6.17%
1146,382.9886749317585,5.86%
1146,382.9886749317585,5.86%
1147,377.2277370183425,6.23%
1148,383.1439743155329,5.86%
1149,383.95427333263484,5.8%
1149,383.95427333263484,5.8%
1150,378.80945069848985,6.11%
1151,384.72342424901854,5.73%
1151,384.72342424901854,5.73%
1152,375.5931895072404,6.3%
1153,373.0986557689039,6.6%
1154,362.44855708376565,7.95%
1154,362.44855708376565,7.95%
1155,388.839390694003,5.48%
1156,404.1863471997701,4.13%
1156,404.1863471997701,4.13%
1157,381.1512773802469,5.98%
1158,376.7054911257421,6.23%
1159,376.6100950986464,6.23%
1159,376.6100950986464,6.23%
1160,375.7926520572396,6.3%
1160,375.7926520572396,6.3%
1161,380.2474947280335,6.05%
1162,362.4060238950743,7.95%
1163,384.87956771340265,5.73%
1164,380.92342619564977,5.98%
1165,367.82590443341246,7.21%
1166,380.87507239119776,5.98%
1167,385.6720846158783,5.67%
1168,366.4200700099146,7.46%
1169,361.89343458196976,7.95%
1170,400.76599231710526,4.41%
1171,348.0597318108428,13.66%
1171,348.0597318108428,13.66%
1171,348.0597318108428,13.66%
1172,398.9655871517041,4.59%
1172,398.9655871517041,4.59%
1172,398.9655871517041,4.59%
1173,378.52673306872305,6.11%
1173,378.52673306872305,6.11%
1174,381.90595435024295,5.92%
1175,382.571619324209,5.86%
1175,382.571619324209,5.86%
1176,383.40940043231507,5.86%
1177,387.54841152824764,5.55%
1178,414.0737309448893,4.62%
1178,414.0737309448893,4.62%
1179,348.44885248977755,13.66%
1180,381.73473138543585,5.92%
1180,381.73473138543585,5.92%
1180,381.73473138543585,5.92%
1181,379.7742012596398,6.05%
1181,379.7742012596398,6.05%
1181,379.7742012596398,6.05%
1182,397.87498818004497,4.68%
1183,369.61460813196805,6.97%
1183,369.61460813196805,6.97%
1184,366.56798692890226,7.34%
1185,387.39328406748825,5.61%
1186,369.4609905840478,7.09%
1186,369.4609905840478,7.09%
1187,360.0770482099101,8.19%
1188,373.0986557689039,6.6%
1189,373.9540129991012,6.48%
1190,388.60542568115693,5.48%
1191,408.4162011763362,4.23%
1192,365.16584559380095,7.58%
1193,389.78527020286924,5.42%
1194,389.5919901112763,5.42%
1195,373.0986557689039,6.6%
1196,385.5834440336739,5.67%
1197,375.5931895072404,6.3%
1198,368.00524890431967,7.21%
1199,384.7327884489075,5.73%
1200,370.2080797108472,6.97%
1200,370.2080797108472,6.97%
1201,387.65439144037487,5.55%
1202,368.7013063316922,7.09%
1203,384.56481936444175,5.73%
1204,386.3885836602083,5.67%
1205,375.5931895072404,6.3%
1206,378.60133333028335,6.11%
1206,378.60133333028335,6.11%
1207,390.0097193399381,5.42%
1207,390.0097193399381,5.42%
1208,404.0491958575744,4.13%
1208,404.0491958575744,4.13%
1208,404.0491958575744,4.13%
1209,361.9882578332622,7.95%
1210,400.2113750349544,4.5%
1211,378.60585439425415,6.11%
1211,378.60585439425415,6.11%
1212,393.1367987500551,5.14%
1213,372.3496166087594,6.73%
1214,363.01986704237146,7.82%
1215,397.620622169013,4.68%
1215,397.620622169013,4.68%
1216,384.98260736170494,5.73%
1217,372.20634079372337,6.73%
1218,396.6715340921836,4.78%
1218,396.6715340921836,4.78%
1219,379.2404154099052,6.11%
1220,374.4567369220499,6.48%
1220,374.4567369220499,6.48%
1220,374.4567369220499,6.48%
1221,364.1287494108328,7.7%
1221,364.1287494108328,7.7%
1222,388.43444686508246,5.55%
1223,402.6305688314094,4.22%
1223,402.6305688314094,4.22%
1224,398.80165097363624,4.59%
1225,373.12561783806603,6.6%
1226,364.9991297251266,7.58%
1227,384.0617381982625,5.8%
1227,384.0617381982625,5.8%
1228,362.6027424756432,7.82%
1229,380.92814503077994,5.98%
1230,397.54340772802135,4.68%
1230,397.54340772802135,4.68%
1230,397.54340772802135,4.68%
1231,370.0812100959723,6.97%
1232,370.0329355118761,6.97%
1232,370.0329355118761,6.97%
1233,358.11319564476196,9.1%
1234,402.0358038647924,4.32%
1235,390.5743577805906,5.33%
1236,369.60511206910246,6.97%
1237,360.2530409527899,8.19%
1238,374.9917947822679,6.36%
1239,362.6906895329739,7.82%
1240,382.77342921124307,5.86%
1240,382.77342921124307,5.86%
1241,363.9329821699183,7.7%
1242,376.14410630627384,6.3%
1242,376.14410630627384,6.3%
1243,379.16705247149883,6.11%
1243,379.16705247149883,6.11%
1244,378.60585439425415,6.11%
1244,378.60585439425415,6.11%
1245,375.96454436475886,6.3%
1246,370.35832713329796,6.97%
1246,370.35832713329796,6.97%
1247,369.2011733228951,7.09%
1248,389.74463268305095,5.42%
1248,389.74463268305095,5.42%
1249,374.7601653491681,6.36%
1250,387.7903748983304,5.55%
1251,387.1887806808414,5.61%
1252,355.27901311178135,10.47%
1253,385.9330507266592,5.67%
1254,407.30306486012245,4.17%
1254,407.30306486012245,4.17%
1255,343.2912030581739,15.81%
1255,343.2912030581739,15.81%
1256,375.1860609024697,6.36%
1256,375.1860609024697,6.36%
1257,377.35291098617944,6.23%
1258,378.0828216760895,6.17%
1259,376.41435655101265,6.3%
1260,375.5898786597146,6.3%
1261,374.38353534257624,6.48%
1262,364.13757841346137,7.7%
1263,365.9947494253899,7.46%
1264,365.08601114007655,7.58%
1265,340.9694456808037,16.58%
1265,340.9694456808037,16.58%
1266,385.1356985245735,5.73%
1266,385.1356985245735,5.73%
1267,362.7859823217666,7.82%
1268,401.451310620748,4.41%
1268,401.451310620748,4.41%
1269,384.4858992332232,5.8%
1270,378.29216940532575,6.17%
1271,373.93347542027067,6.48%
1272,361.2108291882533,8.07%
1273,373.7237392130663,6.48%
1274,404.84931493567336,4.04%
1275,381.611033664732,5.92%
1276,346.8021640892813,14.12%
1276,346.8021640892813,14.12%
1277,393.78443897908335,5.05%
1277,393.78443897908335,5.05%
1278,371.9226891906761,6.73%
1279,355.3722347930783,10.47%
1280,385.30388008336223,5.73%
1281,382.03033348844315,5.92%
1281,382.03033348844315,5.92%
1282,384.5485016963803,5.73%
1282,384.5485016963803,5.73%
1283,374.09405260681353,6.48%
1284,371.2060669504782,6.85%
1285,381.4251311975263,5.98%
1286,376.50692934631013,6.23%
1287,382.6684683374468,5.86%
1287,382.6684683374468,5.86%
1288,389.6622180135574,5.42%
1288,389.6622180135574,5.42%
1289,382.9281714308897,5.86%
1290,413.5819442043726,4.62%
1291,370.62536732304767,6.85%
1292,370.88385509771854,6.85%
1293,370.1577644760303,6.97%
1293,370.1577644760303,6.97%
1294,381.3993146125345,5.98%
1294,381.3993146125345,5.98%
1295,375.6676203533144,6.3%
1295,375.6676203533144,6.3%
1296,372.3131805550558,6.73%
1297,373.12561783806603,6.6%
1298,374.09405260681353,6.48%
1299,382.79524852418393,5.86%
1300,376.5473627406615,6.23%
1300,376.5473627406615,6.23%
1300,376.5473627406615,6.23%
1301,356.32232194499227,10.01%
1301,356.32232194499227,10.01%
1302,380.1798812184159,6.05%
1303,396.0936286762671,4.87%
1304,380.10862640833693,6.05%
1305,365.5814296518223,7.46%
1306,365.2413414571126,7.58%
1307,409.01419071642744,4.3%
1307,409.01419071642744,4.3%
1308,390.08732188260893,5.42%
1308,390.08732188260893,5.42%
1308,390.08732188260893,5.42%
1309,390.81167926508857,5.33%
1310,415.6406254872741,4.74%
1311,387.72057662978784,5.55%
1311,387.72057662978784,5.55%
1312,381.611033664732,5.92%
1313,370.1957095687333,6.97%
1313,370.1957095687333,6.97%
1314,405.02605861408074,4.04%
1314,405.02605861408074,4.04%
1314,405.02605861408074,4.04%
1315,384.26324025584955,5.8%
1315,384.26324025584955,5.8%
1315,384.26324025584955,5.8%
1316,385.806770747787,5.67%
1316,385.806770747787,5.67%
1316,385.806770747787,5.67%
1317,378.27346865702305,6.17%
1317,378.27346865702305,6.17%
1318,368.25687280541825,7.21%
1318,368.25687280541825,7.21%
1319,361.1048445020081,8.07%
1319,361.1048445020081,8.07%
1320,385.4329780455731,5.73%
1320,385.4329780455731,5.73%
1321,368.77570696276075,7.09%
1321,368.77570696276075,7.09%
1321,368.77570696276075,7.09%
1322,370.61734741088503,6.85%
1322,370.61734741088503,6.85%
1323,383.97007215344576,5.8%
1324,397.465146368045,4.78%
1325,362.99565708810104,7.82%
1325,362.99565708810104,7.82%
1325,362.99565708810104,7.82%
1326,385.1728115042711,5.73%
1327,373.12561783806603,6.6%
1328,388.64969592167665,5.48%
1328,388.64969592167665,5.48%
1329,350.3889956560188,12.75%
1329,350.3889956560188,12.75%
1330,368.0463193319966,7.21%
1331,385.6501929510183,5.67%
1332,398.06265114504134,4.68%
1332,398.06265114504134,4.68%
1332,398.06265114504134,4.68%
1333,387.93073383838487,5.55%
1334,388.6691694157816,5.48%
1334,388.6691694157816,5.48%
1335,366.42874093798974,7.46%
1335,366.42874093798974,7.46%
1336,358.56943646982353,8.65%
1337,364.46230944539695,7.7%
1338,362.7737088961671,7.82%
1339,371.3973020438514,6.85%
1340,405.34738217207047,4.04%
1340,405.34738217207047,4.04%
1341,383.82094517273055,5.8%
1342,382.51614082836346,5.86%
1343,366.0972342692844,7.46%
1344,376.1132485905448,6.3%
1345,381.6863016856588,5.92%
1346,363.0806444485659,7.82%
1347,382.2620847226988,5.92%
1347,382.2620847226988,5.92%
1348,377.8988021820582,6.17%
1348,377.8988021820582,6.17%
1349,367.57298429512934,7.21%
1350,396.69901200090146,4.78%
1351,377.79942433317876,6.17%
1352,402.221247612761,4.32%
1352,402.221247612761,4.32%
1353,361.8221344932947,7.95%
1354,390.2933857937054,5.42%
1355,364.9793220711453,7.58%
1356,374.42386535298016,6.48%
1357,377.3719089348086,6.23%
1357,377.3719089348086,6.23%
1358,370.1684425100672,6.97%
